Sarvis	Shawanna	shawanna.sarvis.19
Meli	Alessandra	alessandra.meli.19
Korhonen	Elroy	elroy.korhonen.19
Hyde	Deloris	deloris.hyde.19
Haight	Allegra	allegra.haight.19
Hussey	Deborah	deborah.hussey.19
Chicoine	Rex	rex.chicoine.19
Lehrman	Jonah	jonah.lehrman.19
Selby	Sylvie	sylvie.selby.19
Remus	Jonna	jonna.remus.19
Schermerhorn	Marvin	marvin.schermerhorn.19
Bettis	Armand	armand.bettis.19
Oehler	Shemika	shemika.oehler.19
Neider	Lorrie	lorrie.neider.19
Horton	Suzi	suzi.horton.19
Lovelace	Vania	vania.lovelace.19
Lindsley	Johnsie	johnsie.lindsley.19
Foreman	Alissa	alissa.foreman.19
Evelyn	Rudolf	rudolf.evelyn.19
Mcglasson	Rosemarie	rosemarie.mcglasson.19
Jansen	Delmy	delmy.jansen.19
Arguello	Merideth	merideth.arguello.19
Grazier	Shanita	shanita.grazier.19
Price	Elijah	elijah.price.19
Knarr	Nigel	nigel.knarr.19
Etchison	Rutha	rutha.etchison.19
Gregoire	Edra	edra.gregoire.19
